"Autor, Herausgeber oder Institution",Titel,Jahr,Methode,Plattform1,Plattform2,Plattform3,Country1,Country2,Country3,User,Concept1,Concept2,Concept3,Dataset,Data points,Focus,Metric,pos. findings ec hypothesis,neg. findings ec hypothesis,social EC exists,social EC do not exist,cognitive EC exists,cognitive EC exists noz,content EC exists,content EC exists not,political EC exists,political EC exists not,effect: polarization,effect: misinformation,effect:trust loss,effect: extremism,effect: no effect,antecedent: recommender system,antecedent and property: user behaviour,antecedent: offline fragmentation ,antecedent: institutions and other media sources,effect: populism,property: overstated,property: event-specific,causal,property: active users and efficacy,effect: toxicity,antecedent and property: group behaviour,property: mitigation,Unnamed: 45,Unnamed: 46,Unnamed: 47
"Aruguete, Natalia; Calvo, Ernesto; Ventura, Tiago",News by Popular Demand: Ideological Congruence,2021.0,CSS,Twitter,-,-,Argentina,Brasil,US,599390.0,group behaviour,-,-,retweets,5508031,News sharing Behavior,"ideological congruence, issue salience",1.0,0.0,1.0,0.0,0.0,0.0,0.0,0.0,0.0,0.0,0.0,0.0,0.0,0.0,0.0,0.0,0.0,0.0,0.0,0.0,1.0,1.0,0.0,1.0,0.0,0.0,0.0,-,-,-
"Bodo, Balazs; Helberger, Natali; Eskens, Sarah; Moller, Judith",INTERESTED IN DIVERSITY The role of user attitudes,2019.0,survey,social media sites,-,-,Netherlands,-,-,1556.0,content exposure,user behaviour: selective exposure,-,sample of dutch adults from the academic household panel,12,News sharing and consuming,"exposure to news websites,  exposure to news apps, exposure to TV news, exposure to political information, exposure to social media, acceptance of social media as platformed, perceived importance of shared public sphere, perceived importance of universal news access, expected impact of news personalization on diversity and news depth, privacy concerns, efficacy",1.0,0.0,0.0,0.0,0.0,0.0,0.0,0.0,0.0,0.0,1.0,0.0,0.0,0.0,0.0,1.0,1.0,0.0,0.0,0.0,0.0,0.0,0.0,0.0,0.0,0.0,1.0,-,-,-
"Flaxman, Seth; Goel, Sharad; Rao, Justin M.",Filter Bubbles,2016.0,CSS,-,-,-,-,-,-,50383.0,homophily,content exposure,-,web-browsing records collected via the Bing toolbar,19000000,EC hypothesis,polarity and latent polarity score,1.0,1.0,0.0,0.0,0.0,0.0,1.0,1.0,1.0,1.0,0.0,0.0,0.0,0.0,1.0,0.0,0.0,1.0,0.0,0.0,1.0,0.0,1.0,0.0,0.0,0.0,0.0,-,-,-
"Fletcher, Richard; Kalogeropoulos, Antonis; Nielsen, Rasmus Kleis",More diverse,2021.0,CSS,Browser,-,-,UK,-,-,3071.0,content exposure,-,-,browser history,-,News sharing Behavior,cross-cutting content,1.0,1.0,0.0,0.0,0.0,0.0,0.0,1.0,1.0,0.0,0.0,0.0,0.0,0.0,0.0,0.0,0.0,0.0,0.0,0.0,1.0,0.0,0.0,1.0,0.0,0.0,0.0,-,-,-
"Guerrero-Sole, Frederic",Interactive Behavior in Political Discussions on Twitter: Politicians,2018.0,CSS,Twitter,-,-,Spain,-,-,180238.0,homophily,-,-,retweet network,430326,EC hypothesis, retweet overlap,1.0,0.0,0.0,0.0,0.0,0.0,0.0,0.0,0.0,0.0,1.0,0.0,0.0,0.0,0.0,0.0,0.0,0.0,1.0,0.0,0.0,0.0,0.0,0.0,0.0,0.0,0.0,-,-,-
"Ludwig, Katharina; Grote, Alexander; Iana, Andreea; Alam, Mehwish; Paulheim, Heiko; Sack, Harald; Weinhardt, Christof; Mueller, Philipp",Divided by the Algorithm? The (Limited) Effects of Content- and Sentiment-Based News Recommendation on Affective,2023.0,experiment,-,-,-,Germany,-,-,750.0,content exposure,-,-,"selected articles of users from a user interface that shows 6 articles from a corpus of 827 articles on immigration and refugee news coverage from 39
news outlets and self-reported data, control group: negative sentiments, treatment: positive sentiments",27,recommender systems and EC,"affective polarization, Perceived polarization, political orientation, contact to immigrants, political interest",0.0,1.0,0.0,0.0,0.0,0.0,0.0,0.0,0.0,0.0,0.0,-1.0,0.0,0.0,0.0,-1.0,0.0,0.0,0.0,0.0,1.0,0.0,1.0,1.0,0.0,0.0,0.0,-,-,-
"Wollebaek, Dag; Karlsen, Rune; Steen-Johnsen, Kari; Enjolras, Bernard",Anger,2019.0,survey,social media sites,-,-,Norway,-,-,10000.0,homophily,content exposure,-,-,6,"cognitive states, emotions, personality traits and EC",-,1.0,1.0,0.0,0.0,0.0,0.0,0.0,0.0,0.0,0.0,1.0,0.0,0.0,0.0,0.0,0.0,1.0,0.0,0.0,0.0,0.0,0.0,0.0,0.0,0.0,0.0,1.0,-,-,-
"Bastos, Marco; Mercea, Dan; Baronchelli, Andrea",The geographic embedding of online echo chambers: Evidence from the Brexit campaign,2018.0,CSS,Twitter,-,-,UK,-,-,15299,homophily,-,-,"retweets, hashtags and mentions",33889,Geographic embedding of Echo Chambers,Campaign affilation: Frequecy of one-sided shared hashtags used throughout the campaign per user.,1.0,0.0,1.0,0.0,0.0,0.0,0.0,0.0,0.0,0.0,1.0,0.0,0.0,0.0,0.0,0.0,0.0,1.0,0.0,0.0,0.0,1.0,0.0,0.0,0.0,0.0,0.0,-,-,-
"Batorski, Dominik; Grzywinska, Ilona",Three dimensions of the public sphere on Facebook,2018.0,CSS,Facebook,-,-,Poland,-,-,1647416,homophily,-,-,"post, comments and likes",12070183,EC hypothesis,Activity of users and mentions of parties,1.0,0.0,1.0,0.0,0.0,0.0,0.0,0.0,0.0,0.0,0.0,0.0,0.0,0.0,0.0,0.0,0.0,0.0,0.0,0.0,0.0,1.0,0.0,1.0,0.0,0.0,0.0,-,-,-
"Beam, Michael A.; Hutchens, Myiah J.; Hmielowski, Jay D.",Facebook news and (de)polarization: reinforcing spirals in the 2016 US election,2018.0,survey,Facebook,-,-,US,-,-,500,content exposure,-,-,-,5,EC hypothesis,F,0.0,1.0,0.0,0.0,0.0,0.0,0.0,0.0,0.0,0.0,0.0,0.0,0.0,0.0,0.0,0.0,0.0,0.0,0.0,0.0,1.0,1.0,0.0,1.0,0.0,0.0,0.0,-,-,-
"Bessi, Alessandro",Personality traits and echo chambers on facebook,2016.0,CSS,Facebook,-,-,US,-,-,32029,user behaviour,-,-,comments,3287325,cognitive associations with EC,unsupervised personality recognition approach,1.0,0.0,1.0,0.0,1.0,0.0,0.0,0.0,0.0,0.0,1.0,0.0,0.0,0.0,0.0,0.0,0.0,0.0,0.0,0.0,0.0,0.0,0.0,0.0,0.0,0.0,0.0,-,-,-
"Bessi, Alessandro; Zollo, Fabiana; Del Vicario, Michela; Puliga, Michelangelo; Scala, Antonio; Caldarelli, Guido; Uzzi, Brian; Quattrociocchi, Walter",Users Polarization on Facebook and Youtube,2016.0,CSS,Facebook,Youtube,-,US,-,-,12000000,homophily,content exposure,-,comments and posts,168251529,EC hypothesis, bimodality coefficient and polarization,1.0,0.0,0.0,0.0,0.0,0.0,1.0,0.0,0.0,0.0,1.0,0.0,0.0,0.0,0.0,0.0,0.0,0.0,0.0,0.0,0.0,0.0,0.0,1.0,0.0,0.0,0.0,-,-,-
"Bessi, Alessandro; Zollo, Fabiana; Del Vicario, Michela; Scala, Antonio; Caldarelli, Guido; Quattrociocchi, Walter",Trend of Narratives in the Age of Misinformation,2015.0,CSS,Facebook,-,-,Italy,-,-,232505,homophily,-,-,posts,205703,Misinformation,user activity and user mobility,1.0,0.0,1.0,0.0,0.0,0.0,0.0,0.0,0.0,0.0,1.0,1.0,0.0,0.0,0.0,0.0,0.0,0.0,0.0,0.0,0.0,0.0,0.0,1.0,0.0,0.0,0.0,-,-,-
"Bodo, Balazs; Helberger, Natali; Eskens, Sarah; Moller, Judith","INTERESTED IN DIVERSITY The role of user attitudes, algorithmic feedback loops, and policy in news personalization",2019.0,survey,social media sites,-,-,Netherlands,-,-,1556,content exposure,user behaviour: selective exposure,-,sample of dutch adults from the academic household panel,12,News sharing and consuming,"exposure to news websites,  exposure to news apps, exposure to TV news, exposure to political information, exposure to social media, acceptance of social media as platformed, perceived importance of shared public sphere, perceived importance of universal news access, expected impact of news personalization on diversity and news depth, privacy concerns, efficacy",1.0,0.0,0.0,0.0,0.0,0.0,0.0,0.0,0.0,0.0,1.0,0.0,0.0,0.0,0.0,1.0,1.0,0.0,0.0,0.0,0.0,0.0,0.0,0.0,0.0,0.0,1.0,-,-,-
"Bodrunova, S. S.; Blekanov, I. S.; Tarasov, N.",Cumulative Polarization: Patterns of Accumulation of Neutral and Politicized Echo Chambers on Russian Twitter,2023.0,CSS,Twitter,-,-,Russia,-,-,900,user behaviour,-,-,Tweets posted,-,EC Hypothethis,-,1.0,1.0,0.0,0.0,0.0,0.0,0.0,1.0,1.0,0.0,1.0,0.0,0.0,0.0,0.0,0.0,1.0,0.0,0.0,0.0,0.0,1.0,0.0,0.0,0.0,0.0,0.0,-,-,-
"Bond, Robert M.; Sweitzer, Matthew D.",Political Homophily in a Large-Scale Online Communication Network,2018.0,CSS,Reddit,-,-,-,-,-,693498,homophily,cognitive EC,-,-,29752000,EC hypothesis,political homophily,1.0,0.0,0.0,0.0,1.0,0.0,0.0,0.0,0.0,0.0,0.0,0.0,0.0,0.0,0.0,1.0,1.0,0.0,0.0,0.0,0.0,1.0,0.0,1.0,0.0,0.0,0.0,-,-,-
"Boulianne, Shelley; Koc-Michalska, Karolina",The Role of Personality in Political Talk and Like-Minded Discussion,2022.0,survey,social media sites,-,-,France,UK,US,4500,homophily,user behaviour,content exposure,"pre-electoral survey (France, UK) and post-electoral survey ( US), online panel quota sampling",8,"Extremism, radicalization and echo chambers","Support for right-wing populist candidates or parties, Discussion component of echo chamber effects, Information component of echo chamber effects, Media use",0.0,1.0,0.0,0.0,0.0,0.0,0.0,0.0,0.0,0.0,0.0,0.0,0.0,-1.0,0.0,0.0,0.0,0.0,0.0,-1.0,0.0,1.0,0.0,0.0,0.0,0.0,0.0,-,-,-
"Boulianne, Shelley; Koc-Michalska, Karolina; Bimber, Bruce","Right-wing populism, social media and echo chambers in Western democracies",2020.0,survey,social media sites,-,-,France,UK,US,4500,homophily,user behaviour,content exposure,"pre-electoral survey (France, UK) and post-electoral survey ( US), online panel quota sampling",16,"cognitive states, emotions, personality traits and EC",", Like-minded discussion, Social media use, Personality, Ideology",0.0,1.0,0.0,0.0,0.0,0.0,0.0,0.0,0.0,0.0,0.0,0.0,0.0,0.0,0.0,0.0,1.0,0.0,0.0,0.0,1.0,1.0,0.0,0.0,0.0,0.0,0.0,-,-,-
"Boutyline, Andrei; Willer, Robb",The Social Structure of Political Echo Chambers: Variation in Ideological Homophily in Online Networks,2017.0,CSS,Twitter,-,-,US,-,-,238943,homophily,-,-,ego network,238943,EC hypothesis,political homophily,1.0,0.0,1.0,0.0,0.0,0.0,0.0,0.0,0.0,0.0,1.0,0.0,0.0,1.0,0.0,0.0,0.0,0.0,0.0,1.0,0.0,0.0,0.0,0.0,0.0,0.0,0.0,-,-,-
"Bovet, Alexandre; Grindrod, Peter",Organization and evolution of the UK far-right network on Telegram,2022.0,CSS,-,-,-,UK,-,-,2200000,homophily,group behaviour,-,messages,7000000,Extremism and echo chambers,flow stability,2.0,0.0,1.0,0.0,0.0,0.0,0.0,0.0,1.0,0.0,1.0,0.0,0.0,1.0,0.0,0.0,0.0,0.0,0.0,1.0,0.0,0.0,0.0,1.0,0.0,0.0,0.0,-,-,-
"Bright, Jonathan",Explaining the Emergence of Political Fragmentation on Social Media: The Role of Ideology and Extremism,2018.0,CSS,Twitter,-,-,EU,-,-,-,homophily,content exposure,-,mentions of parties,1426620,EC hypothesis,fragmentation metric F (similar to E-I-Index),1.0,1.0,1.0,0.0,0.0,0.0,0.0,1.0,0.0,0.0,0.0,0.0,0.0,1.0,0.0,0.0,0.0,0.0,0.0,0.0,1.0,0.0,0.0,0.0,0.0,0.0,0.0,-,-,-
"Brugnoli, Emanuele; Cinelli, Matteo; Quattrociocchi, Walter; Scala, Antonio",Recursive patterns in online echo chambers,2019.0,CSS,Facebook,-,-,Italy,-,-,2576276,homophily,content exposure,-,comments and posts,559944,EC hypothesis,polarization score,1.0,0.0,1.0,0.0,1.0,0.0,1.0,0.0,0.0,0.0,1.0,0.0,0.0,0.0,0.0,0.0,0.0,0.0,0.0,0.0,0.0,0.0,0.0,1.0,0.0,0.0,0.0,-,-,-
"Bruns, Axel",Echo chamber? What echo chamber? Reviewing the evidence,2017.0,CSS,Twitter,-,-,Australia,-,-,255000,homophily,content exposure,-,follower/ followee network,55000000,EC hypothesis,E-I-Index,0.0,1.0,0.0,1.0,0.0,0.0,0.0,1.0,0.0,0.0,0.0,0.0,0.0,0.0,0.0,0.0,0.0,0.0,0.0,0.0,1.0,0.0,0.0,0.0,0.0,0.0,0.0,Hong Kong,Malaysia,Singapore
"Burnett, Alycia; Knighton, Devin; Wilson, Christopher",The Self-Censoring Majority: How Political Identity and Ideology Impacts Willingness to Self-Censor and Fear of Isolation in the United States,2022.0,survey,social media sites,-,-,US,-,-,1047,content exposure,homophily,-,"Qualtrics
panel to participants that mirror the US census",23,News sharing and consuming,"Social Media Use, Fear of Isolation, Willingness to Self-Censor, Political Typology",0.0,1.0,0.0,0.0,0.0,0.0,0.0,0.0,0.0,0.0,0.0,0.0,0.0,0.0,0.0,0.0,0.0,0.0,0.0,0.0,0.0,0.0,0.0,1.0,0.0,1.0,1.0,-,-,-
"Cann, Tristan J. B.; Weaver, Iain S.; Williams, Hywel T. P.",Ideological biases in social sharing of online information about climate change,2021.0,CSS,Twitter,-,-,US,UK,-,195134,homophily,content exposure,-,sharted content,592830,Climate change and echo chambers,TF-IDF  and correlation coefficient,1.0,0.0,1.0,0.0,0.0,0.0,1.0,0.0,0.0,0.0,1.0,0.0,0.0,0.0,0.0,0.0,0.0,0.0,0.0,0.0,0.0,0.0,0.0,0.0,0.0,0.0,0.0,-,-,-
"Cargnino, Manuel; Neubaum, German",Is it better to strike a balance? How exposure to congruent and incongruent opinion climates on social networking sites impacts users' processing and selection of information,2022.0,Experiment,Twitter,-,-,Germany,-,-,704,user behaviour,-,-,-,-,"cognitive states, emotions, personality traits and EC",-,0.0,1.0,0.0,0.0,0.0,0.0,0.0,0.0,0.0,0.0,0.0,0.0,0.0,0.0,0.0,0.0,1.0,0.0,0.0,0.0,0.0,0.0,0.0,0.0,0.0,0.0,0.0,-,-,-
"Cargnino, Manuel; Neubaum, German; Winter, Stephan",We're a good match: Selective political friending on social networking sites,2021.0,Experiment,-,-,-,-,-,-,-,-,-,-,-,-,-,-,1.0,0.0,0.0,0.0,0.0,0.0,0.0,0.0,0.0,0.0,0.0,0.0,0.0,0.0,0.0,0.0,0.0,0.0,0.0,0.0,0.0,0.0,0.0,0.0,0.0,0.0,0.0,-,-,-
"Ceron, Andrea; Splendore, Sergio",'Cheap Talk'? Second screening and the irrelevance of TV political debates,2019.0,CSS,Twitter,-,-,Italy,-,-,-,homophily,-,-,Shared keywords on political talk shows,2369333,"TV, social media and echo chambers",Shares in a given timeframe,1.0,0.0,1.0,0.0,0.0,0.0,0.0,0.0,0.0,0.0,1.0,0.0,0.0,0.0,0.0,0.0,0.0,0.0,0.0,0.0,0.0,0.0,0.0,0.0,0.0,0.0,0.0,-,-,-
"Chan, Michael; Chen, Hsuan-Ting; Lee, Francis L. F.",Examining the Roles of Political Social Network and Internal Efficacy on Social Media News Engagement: A Comparative Study of Six Asian Countries,2019.0,survey,social media sites,-,-,Taiwan,Japan,Korea,11052,user behaviour: political efficacy,content exposure,-,opt-in online panels administered by YouGov,14,News sharing and consuming,"Political social networks, Internal efficacy, Interest in hard news, News trust, Political Ideology, Face-to-face news discussion",1.0,1.0,0.0,0.0,0.0,0.0,0.0,0.0,0.0,0.0,0.0,0.0,0.0,0.0,0.0,0.0,1.0,0.0,0.0,0.0,0.0,0.0,0.0,1.0,0.0,0.0,0.0,-,-,-
"Cheng, Zicheng; Marcos-Marne, Hugo; Zuniga, Homero Gil de",Birds of a Feather Get Angrier Together: Social Media News Use and Social Media Political Homophily as Antecedents of Political Anger,2023.0,survey,-,-,-,-,-,-,-,content exposure,user behaviour: political efficacy,-,-,-,"cognitive states, emotions, personality traits and EC",-,0.0,1.0,0.0,0.0,0.0,0.0,0.0,0.0,0.0,0.0,0.0,0.0,0.0,0.0,0.0,0.0,0.0,0.0,0.0,0.0,0.0,0.0,0.0,0.0,0.0,0.0,0.0,-,-,-
"Choi, Daejin; Chun, Selin; Oh, Hyunchul; Han, Jinyoung; Kwon, Ted Taekyoung",Rumor Propagation is Amplified by Echo Chambers in Social Media,2020.0,CSS,Twitter,-,-,US,-,-,176362,homophily,cognitive EC,-,tweets and followers,289202,Misinformation,Polarity score and homophily,1.0,0.0,1.0,0.0,1.0,0.0,0.0,0.0,0.0,0.0,0.0,1.0,0.0,0.0,0.0,0.0,0.0,0.0,0.0,0.0,0.0,0.0,0.0,1.0,0.0,0.0,0.0,-,-,-
"Cinelli, Matteo; Brugnoli, Emanuele; Schmidt, Ana Lucia; Zollo, Fabiana; Quattrociocchi, Walter; Scala, Antonio",Selective exposure shapes the Facebook news diet,2020.0,CSS,Facebook,-,-,EU,-,-,14000000,user behaviour,-,-,"likes, shares and comments",50000,EC hypothesis,-,1.0,0.0,0.0,0.0,1.0,0.0,0.0,0.0,0.0,0.0,0.0,0.0,0.0,0.0,0.0,0.0,0.0,0.0,0.0,0.0,0.0,1.0,0.0,0.0,0.0,0.0,0.0,-,-,-
"Cinelli, Matteo; Morales, Gianmarco De Francisci; Galeazzi, Alessandro; Quattrociocchi, Walter; Starnini, Michele",The echo chamber effect on social media,2021.0,CSS,Twitter,Facebook,Reddit,US,-,-,20067,homophily,user behaviour,content-based EC,follower-followee network,92000000,recommendation algorithms,"political leaning, polarization, information spreading",1.0,1.0,0.0,0.0,0.0,0.0,0.0,0.0,0.0,0.0,0.0,1.0,0.0,0.0,0.0,1.0,1.0,0.0,0.0,0.0,0.0,0.0,0.0,0.0,0.0,0.0,1.0,-,-,-
"Cinelli, Matteo; Pelicon, Andraz; Mozetic, Igor; Quattrociocchi, Walter; Novak, Petra Kralj; Zollo, Fabiana",Dynamics of online hate and misinformation,2021.0,CSS,YouTube,-,-,Italy,-,-,345000,homophily,-,-,video comments,1000000,Misinformation,-,1.0,0.0,1.0,0.0,0.0,0.0,0.0,0.0,0.0,0.0,0.0,1.0,0.0,1.0,0.0,0.0,0.0,0.0,0.0,0.0,0.0,0.0,0.0,1.0,1.0,0.0,0.0,-,-,-
"Colleoni, Elanor; Rozza, Alessandro; Arvidsson, Adam",Echo Chamber or Public Sphere? Predicting Political Orientation and Measuring Political Homophily in Twitter Using Big Data,2014.0,CSS,Twitter,-,-,US,-,-,20000000,homophily,-,-,"tweets, retweets and comments",467000000,EC hypothesis,"political homophily, F-IDF",1.0,1.0,1.0,0.0,0.0,0.0,0.0,1.0,0.0,0.0,0.0,0.0,0.0,0.0,0.0,0.0,0.0,0.0,0.0,0.0,0.0,0.0,0.0,0.0,0.0,0.0,0.0,-,-,-
"Cota, Wesley; Ferreira, Silvio C.; Pastor-Satorras, Romualdo; Starnini, Michele",Quantifying echo chamber effects in information spreading over political communication networks,2019.0,CSS,Twitter,-,-,Brasli,-,-,31412,homophily,content exposure,-,tweets,12000000,EC hypothesis,"political leaning, polarization, information spreading",1.0,0.0,0.0,0.0,0.0,0.0,0.0,0.0,0.0,0.0,1.0,0.0,0.0,0.0,0.0,0.0,0.0,0.0,0.0,0.0,0.0,1.0,0.0,1.0,0.0,0.0,0.0,-,-,-
"Del Valle, Marc Esteve; Borge Bravo, Rosa",Echo Chambers in Parliamentary Twitter Networks: The Catalan Case,2018.0,CSS,Twitter,-,-,Spain,-,-,-,homophily,-,-,"followers, retweets and mentions",30086,Parliamentary discussions and echo chambers ,E-I-Index,1.0,0.0,1.0,0.0,0.0,0.0,0.0,0.0,0.0,0.0,1.0,0.0,0.0,0.0,0.0,0.0,0.0,0.0,0.0,0.0,0.0,0.0,0.0,0.0,0.0,0.0,0.0,-,-,-
"Del Valle, Marc Esteve; Broersma, Marcel; Ponsioen, Arnout",Political Interaction Beyond Party Lines: Communication Ties and Party Polarization in Parliamentary Twitter Networks,-,CSS,Twitter,-,-,Netherlands,-,-,144,homophily,-,-,"followers, retweets and mentions",7365,Parliamentary discussions and echo chambers ,E-I-Index,0.0,1.0,0.0,1.0,0.0,0.0,0.0,0.0,0.0,0.0,0.0,0.0,0.0,0.0,0.0,0.0,0.0,0.0,0.0,0.0,1.0,0.0,0.0,0.0,0.0,0.0,0.0,-,-,-
"Del Vicario, Michela; Bessi, Alessandro; Zollo, Fabiana; Petroni, Fabio; Scala, Antonio; Caldarelli, Guido; Stanley, H. Eugene; Quattrociocchi, Walter",The spreading of misinformation online,2016.0,CSS,Facebook,-,-,US,-,-,73379,homophily,content exposure,-,"News pages, news posts and shares",275853,Misinformation,"polarization score, homophily similarity score",1.0,0.0,1.0,0.0,1.0,0.0,0.0,0.0,0.0,0.0,1.0,1.0,0.0,0.0,0.0,0.0,0.0,0.0,0.0,0.0,0.0,0.0,0.0,1.0,0.0,0.0,0.0,-,-,-
"Del Vicario, Michela; Vivaldo, Gianna; Bessi, Alessandro; Zollo, Fabiana; Scala, Antonio; Caldarelli, Guido; Quattrociocchi, Walter",Echo Chambers: Emotional Contagion and Group Polarization on Facebook,2016.0,CSS,Facebook,-,-,US,-,-,-,homophily,content exposure,-,posts and comments,1288805,Emotions and echo chambers,-,1.0,0.0,1.0,0.0,0.0,0.0,0.0,0.0,0.0,0.0,1.0,1.0,0.0,0.0,0.0,0.0,1.0,0.0,0.0,0.0,0.0,0.0,0.0,1.0,0.0,0.0,0.0,-,-,-
"Del Vicario, Michela; Zollo, Fabiana; Caldarelli, Guido; Scala, Antonio; Quattrociocchi, Walter",Mapping social dynamics on Facebook: The Brexit debate,2017.0,CSS,Facebook,-,-,UK,-,-,7222273,  ,content exposure,-,posts and comments,38485969,EC hypothesis,polarization score,1.0,0.0,1.0,0.0,1.0,0.0,0.0,0.0,0.0,0.0,1.0,0.0,0.0,0.0,0.0,1.0,0.0,0.0,0.0,0.0,0.0,1.0,0.0,1.0,0.0,0.0,0.0,-,-,-
"Dubois, Elizabeth; Blank, Grant",The echo chamber is overstated: the moderating effect of political  interest and diverse media,2018.0,survey,social media sites,-,-,UK,-,-,2000,content exposure,user behaviour: political efficacy,-,"data from the Quello Search Project, a study of media use and politics",26,EC hypothesis,"Political intereset, Media diversity online vs. offline , Echo chamber meausures: Disagree, Different, Confirm, Online, Offline and Changed Opinions",0.0,1.0,0.0,0.0,0.0,0.0,0.0,0.0,0.0,0.0,0.0,0.0,0.0,0.0,0.0,0.0,0.0,0.0,0.0,0.0,1.0,0.0,0.0,1.0,0.0,0.0,0.0,-,-,-
"Dubois, Elizabeth; Minaeian, Sara; Paquet-Labelle, Ariane; Beaudry, Simon",Who to Trust on Social Media: How Opinion Leaders and Seekers Avoid Disinformation and Echo Chambers,2020.0,survey,social media sites,-,-,France,-,-,2000,content exposure,user behaviour: political efficacy,-,"survey data
data from the Quello Search Project",26,EC hypothesis,"Political intereset , Fact-Checking, opinion seeker vs opinion leader, Echo chamber measures: Disagree, Different, Confirm, Online, Offline and Changed Opinions, Trust",1.0,1.0,0.0,0.0,0.0,0.0,0.0,0.0,0.0,0.0,0.0,1.0,0.0,0.0,0.0,1.0,1.0,0.0,0.0,0.0,0.0,0.0,0.0,1.0,0.0,1.0,1.0,-,-,-
"Eady, Gregory; Nagler, Jonathan; Guess, Andy; Zilinsky, Jan; Tucker, Joshua A.",How Many People Live in Political Bubbles on Social Media? Evidence From Linked Survey and Twitter Data,2019.0,Mixed Methods,Twitter,-,-,US,-,-,1496,content exposure,-,-,follower-followee networkand survey ideology data,642345,EC hypothesis,"Ideology (0 to 100 conservative scale), ideological quintile and three categories of accounts: media elite, political elite and non-elite. ",0.0,1.0,0.0,0.0,0.0,0.0,0.0,0.0,0.0,0.0,0.0,0.0,0.0,0.0,0.0,0.0,0.0,0.0,0.0,0.0,1.0,0.0,0.0,0.0,0.0,0.0,0.0,-,-,-
"Ebeling, Regis; Nobre, Jeferson; Becker, Karin",A multi-dimensional framework to analyze group behavior based on political polarization,2023.0,Case Study,Twitter,-,-,Brazil,-,-,-,content exposure,-,-,Mantions in Tweets,-,Covid 19 vaccines and EC,-,1.0,0.0,1.0,0.0,0.0,0.0,0.0,0.0,1.0,0.0,1.0,1.0,0.0,0.0,0.0,0.0,0.0,1.0,1.0,0.0,0.0,0.0,0.0,0.0,0.0,0.0,0.0,-,-,-
"Enjolras, Bernard",Does Relational Polarization Entail Ideological Polarization? The Case of the 2017 Norwegian Election Campaign on Twitter,2023.0,CSS,Twitter,-,-,Norway,-,-,11236,Homophily,-,-,Tweets posted,1.5 Mio.,Elections and EC,-,0.0,1.0,0.0,0.0,0.0,0.0,0.0,1.0,0.0,1.0,0.0,0.0,0.0,0.0,0.0,0.0,0.0,0.0,1.0,0.0,0.0,0.0,0.0,0.0,0.0,0.0,0.0,-,-,-
"Enjolras, Bernard; Salway, Andrew",Homophily and polarization on political twitter during the 2017 Norwegian election,2022.0,CSS,Twitter,-,-,Norway,-,-,-,-,-,-,-,-,-,-,0.0,0.0,0.0,0.0,0.0,0.0,0.0,0.0,0.0,0.0,0.0,0.0,0.0,0.0,0.0,0.0,0.0,0.0,0.0,0.0,0.0,0.0,0.0,0.0,0.0,0.0,0.0,-,-,-
"Etta, Gabriele; Cinelli, Matteo; Galeazzi, Alessandro; Valensise, Carlo Michele; Quattrociocchi, Walter; Conti, Mauro",Comparing the Impact of Social Media Regulations on News Consumption,2022.0,CSS,Twitter,Gab,-,US,-,-,-,homophily,content exposure,cognitive EC,posts,253321,EC hypothesis,"user leaning, power distributions",1.0,0.0,1.0,0.0,1.0,0.0,0.0,0.0,0.0,0.0,1.0,1.0,0.0,0.0,0.0,0.0,1.0,0.0,0.0,0.0,0.0,0.0,0.0,1.0,0.0,0.0,0.0,-,-,-
"Erickson, Jacob; Yan, Bei; Huang, Jingyun",Bridging Echo Chambers? Understanding Political Partisanship through Semantic Network Analysis,2023.0,CSS,Reddit,-,-,USA,-,-,372k,user behaviour,content exposure,-,Posts and Comments,3.5 Mio.,Elections and EC,-,1.0,0.0,0.0,0.0,0.0,0.0,0.0,1.0,1.0,0.0,0.0,0.0,0.0,0.0,0.0,0.0,1.0,1.0,0.0,0.0,1.0,0.0,0.0,0.0,0.0,0.0,1.0,-,-,-
"Flamino, James; Galeazzi, Alessandro; Feldman, Stuart; Macy, Michael W.; Cross, Brendan; Zhou, Zhenkun; Serafino, Matteo; Bovet, Alexandre; Makse, Hernan A.; Szymanski, Boleslaw K.",Political polarization of news media and influencers on Twitter in the 2016 and 2020 US presidential elections,2023.0,CSS,Twitter,-,-,US,-,-,6000000,homophily,content exposure,-,"tweets, URL news sources ",103400000,EC hypothesis,modularity ,2.0,0.0,1.0,0.0,0.0,0.0,1.0,0.0,0.0,0.0,1.0,0.0,0.0,0.0,0.0,0.0,0.0,0.0,0.0,1.0,0.0,1.0,0.0,1.0,0.0,0.0,0.0,-,-,-
"Flaxman, Seth; Goel, Sharad; Rao, Justin M.","Filter Bubbles, Echo Chambers, and Online News Consumption",2016.0,CSS,-,-,-,-,-,-,50383,homophily,content exposure,-,web-browsing records collected via the Bing toolbar,19000000,EC hypothesis,polarity and latent polarity score,1.0,1.0,0.0,0.0,0.0,0.0,1.0,1.0,1.0,1.0,0.0,0.0,0.0,0.0,1.0,0.0,0.0,1.0,0.0,0.0,1.0,0.0,1.0,0.0,0.0,0.0,0.0,-,-,-
"Fletcher, Richard; Kalogeropoulos, Antonis; Nielsen, Rasmus Kleis","More diverse, more politically varied: How social media, search engines and aggregators shape news repertoires in the United Kingdom",2021.0,CSS,Browser,-,-,UK,-,-,3071,content exposure,-,-,browser history,-,News sharing Behavior,cross-cutting content,1.0,1.0,0.0,0.0,0.0,0.0,0.0,1.0,1.0,0.0,0.0,0.0,0.0,0.0,0.0,0.0,0.0,0.0,0.0,0.0,1.0,0.0,0.0,1.0,0.0,0.0,0.0,-,-,-
"Furman, Ivo; Tunc, Asli",The End of the Habermassian Ideal? Political Communication on Twitter During the 2017 Turkish Constitutional Referendum,2020.0,CSS,Twitter,-,-,-,-,-,144420,homophily,-,-,posts and comments,1303348,EC hypothesis,-,0.0,1.0,0.0,1.0,0.0,0.0,0.0,0.0,0.0,0.0,0.0,0.0,0.0,0.0,0.0,0.0,0.0,0.0,0.0,0.0,0.0,1.0,0.0,1.0,0.0,0.0,0.0,-,-,-
"Gao, Yichang; Liu, Fengming; Gao, Lei",Echo chamber effects on short video platforms,2023.0,CSS,Douyin,TikTok,Bilibili,China,-,-,298762,content exposure,Homophily,-,Comments to Short Videos,391676,EC Hypothethis,-,1.0,1.0,1.0,1.0,0.0,0.0,1.0,1.0,1.0,1.0,1.0,0.0,0.0,0.0,0.0,1.0,0.0,1.0,0.0,0.0,0.0,0.0,0.0,0.0,0.0,0.0,0.0,-,-,-
"Gaumont, Noe; Panahi, Maziyar; Chavalarias, David",Reconstruction of the socio-semantic dynamics of political activist Twitter networks-Method and application to the 2017 French presidential election,2018.0,CSS,Twitter,-,-,France,-,-,2400000,homophily,-,-,"Tweets, retweets and followers of candidates.",60000000,Opinion dynamics,-,1.0,0.0,1.0,0.0,0.0,0.0,0.0,0.0,0.0,0.0,0.0,1.0,0.0,0.0,0.0,0.0,0.0,0.0,0.0,1.0,0.0,1.0,0.0,1.0,0.0,0.0,0.0,-,-,-
"Goel, Vasu; Sahnan, Dhruv; Dutta, Subhabrata; Bandhakavi, Anil; Chakraborty, Tanmoy",Hatemongers ride on echo chambers to escalate hate speech diffusion,2023.0,CSS,Reddit,Twitter,Gab,US,-,-,-,homophily,cognitive EC,-,"submissions, comments on Gab, Reddit comments, twitter tweets and retweets",-,-,-,2.0,0.0,1.0,0.0,1.0,0.0,0.0,0.0,0.0,0.0,0.0,0.0,0.0,0.0,0.0,0.0,0.0,0.0,0.0,0.0,0.0,0.0,0.0,0.0,1.0,0.0,0.0,-,-,-
"Guarino, Stefano; Trino, Noemi; Celestini, Alessandro; Chessa, Alessandro; Riotta, Gianni",Characterizing networks of propaganda on twitter: a case study,2020.0,CSS,Twitter,-,-,Italy,-,-,-,homophily,content exposure,-,retweets,1300000,EC hypothesis,polarization score and E-I-Index,1.0,0.0,1.0,0.0,0.0,0.0,0.0,0.0,0.0,0.0,0.0,1.0,0.0,0.0,0.0,0.0,0.0,0.0,0.0,0.0,0.0,1.0,0.0,1.0,0.0,0.0,0.0,-,-,-
"Guerrero-Sole, Frederic","Interactive Behavior in Political Discussions on Twitter: Politicians, Media, and Citizens' Patterns of Interaction in the 2015 and 2016 Electoral Campaigns in Spain",2018.0,CSS,Twitter,-,-,Spain,-,-,180238,homophily,-,-,retweet network,430326,EC hypothesis, retweet overlap,1.0,0.0,0.0,0.0,0.0,0.0,0.0,0.0,0.0,0.0,1.0,0.0,0.0,0.0,0.0,0.0,0.0,0.0,1.0,0.0,0.0,0.0,0.0,0.0,0.0,0.0,0.0,-,-,-
"Guo, Lei; Rohde, Jacob A.; Wu, H. Denis",Who is responsible for Twitter's echo chamber problem? Evidence from 2016 US election networks,2020.0,CSS,Twitter,-,-,US,-,-,50000000,homophily,group behaviour,-,mentions on Trump and Clinton,228313,EC hypothesis,Political homogeinity,2.0,0.0,1.0,0.0,0.0,0.0,0.0,0.0,1.0,0.0,0.0,0.0,0.0,0.0,0.0,0.0,0.0,0.0,0.0,0.0,0.0,0.0,0.0,0.0,0.0,0.0,0.0,-,-,-
"Grusauskaite, Kamile; Carbone, Luca; Harambam, Jaron; Aupers, Stef",Debating (in) echo chambers: How culture shapes communication in conspiracy theory networks on YouTube,2023.0,Mixed-Methods,YouTube,-,-,-,-,-,-,Homophily,-,-,Comments under Videos,1199,Conspiracy and EC,4 conspiracy videos and the comments below,1.0,1.0,0.0,0.0,0.0,0.0,0.0,1.0,0.0,0.0,0.0,0.0,0.0,0.0,0.0,0.0,1.0,1.0,0.0,0.0,0.0,0.0,0.0,1.0,0.0,0.0,0.0,-,-,-
"Hada, R.; Ebrahimi Fard, A.; Shugars, S.; Bianchi, F.; Rossini, P.; Hovy, D.; Tromble, R.; Tintarev, N.","Beyond Digital ""Echo Chambers"": The Role of Viewpoint Diversity in Political Discussion",2023.0,CSS,twitter,-,-,-,-,-,-,content exposure,user behaviour,-,Tweets posted,25648,"Extremism, radicalizattion and EC",Keywords regarding immigration and daylight savings time and the tweets using them,1.0,0.0,0.0,0.0,0.0,0.0,1.0,0.0,1.0,0.0,1.0,0.0,0.0,1.0,0.0,0.0,1.0,0.0,0.0,0.0,0.0,0.0,0.0,0.0,1.0,0.0,0.0,-,-,-
"Hagen, Loni; Fox, Ashley; O'Leary, Heather; Dyson, DeAndre; Walker, Kimberly; Lengacher, Cecile A.; Hernandez, Raquel",The Role of Influential Actors in Fostering the Polarized COVID-19 Vaccine Discourse on Twitter: Mixed Methods of Machine Learning and Inductive Coding,2022.0,Mixed Methods,Twitter,-,-,-,-,-,751691,homophily,-,-,"tweets, retweets",1300828,-,-,2.0,0.0,1.0,0.0,1.0,0.0,0.0,0.0,0.0,0.0,1.0,1.0,0.0,0.0,0.0,0.0,0.0,0.0,0.0,0.0,0.0,0.0,0.0,1.0,0.0,0.0,0.0,-,-,-
"Hilbert, Martin; Ahmed, Saifuddin; Cho, Jaeho; Liu, Billy; Luu, Jonathan",Communicating with Algorithms: A Transfer Entropy Analysis of Emotions-based Escapes from Online Echo Chambers,2018.0,Mixed Methods,YouTube,-,-,US,-,-,73,homophily,-,-,sentiment labeled videos and experimental data,26766,recommender systems and EC,-,1.0,0.0,0.0,0.0,0.0,0.0,0.0,0.0,0.0,0.0,1.0,0.0,0.0,0.0,0.0,1.0,0.0,0.0,0.0,0.0,0.0,0.0,0.0,0.0,0.0,0.0,1.0,-,-,-
"Jones-Jang, S. Mo; Chung, Myojung",Can we blame social media for polarization? Counter-evidence against filter bubble claims during the COVID-19 pandemic,2022.0,survey,social media sites,-,-,US,-,-,1106,content exposure,user behaviour: political efficacy,-,national survey conducted in the United States,10,"Vaccines, misinformation and echo chambers","Affective polarization, Political identities, Vaccine hesitancy, Misguided vaccine beliefs, Social media use, Traditional media use for COVID-19",0.0,1.0,0.0,0.0,0.0,0.0,0.0,0.0,0.0,0.0,0.0,-1.0,0.0,0.0,0.0,0.0,0.0,0.0,0.0,0.0,1.0,0.0,0.0,0.0,0.0,0.0,0.0,-,-,-
"Justwan, Florian; Baumgaertner, Bert; Carlisle, Juliet E.; Clark, April K.; Clark, Michael",Social media echo chambers and satisfaction with democracy among Democrats and Republicans in the aftermath of the 2016 US elections,2018.0,survey,social media sites,-,-,US,-,-,1001,homophily,user behaviour: political efficacy,-,survey data in the aftermath of the 2016 US election among Democrats and Republicans,10,"cognitive states, emotions, personality traits and EC","Social Media Activity Level, Social Media Network Homogeneity, Political Ideology",0.0,1.0,0.0,0.0,0.0,0.0,0.0,0.0,0.0,0.0,0.0,0.0,0.0,0.0,0.0,0.0,0.0,0.0,0.0,0.0,1.0,0.0,0.0,0.0,0.0,0.0,0.0,-,-,-
"Kaiser, Jonas; Rauchfleisch, Adrian",Birds of a Feather Get Recommended Together: Algorithmic Homophily in YouTube's Channel Recommendations in the United States and Germany,2020.0,CSS,YouTube,-,-,Germany,US,-,-,homophily,-,-,labeled populist and far-right YouTube Channels,21529,recommender systems and EC,"E-I-Index, Modularity",1.0,0.0,0.0,0.0,0.0,0.0,0.0,0.0,0.0,0.0,1.0,0.0,0.0,0.0,0.0,1.0,0.0,0.0,0.0,1.0,0.0,0.0,0.0,0.0,0.0,0.0,0.0,-,-,-
"Kitchens, Brent; Johnson, Steven L.; Gray, Peter",UNDERSTANDING ECHO CHAMBERS AND FILTER BUBBLES: THE IMPACT OF SOCIAL MEDIA ON DIVERSIFICATION AND PARTISAN SHIFTS IN NEWS CONSUMPTION,2020.0,Mixed Methods,Facebook,Twitter,Reddit,-,-,-,185548,content exposure,homophily,-,-,1096480,sda: tracking,"distinct news sites, slant dispersion, reverse gini index, the audience variety , mean slan, cross-cutting proportion",1.0,1.0,0.0,0.0,0.0,0.0,0.0,0.0,0.0,0.0,0.0,0.0,0.0,0.0,0.0,0.0,1.0,0.0,0.0,0.0,0.0,0.0,0.0,0.0,0.0,0.0,0.0,-,-,-
"Koivula, Aki; Kaakinen, Markus; Oksanen, Atte; Rasanen, Pekka",The Role of Political Activity in the Formation of Online Identity Bubbles,2019.0,survey,social media sites,-,-,Finland,-,-,3724,content exposure,user behaviour: political efficacy,-,-,10,News sharing and consuming,Identitity Bubble Reinforcement Scale (IBRS) and Online Political Activity,1.0,0.0,0.0,0.0,0.0,0.0,0.0,0.0,0.0,0.0,0.0,0.0,0.0,0.0,0.0,0.0,0.0,0.0,0.0,0.0,0.0,0.0,0.0,1.0,0.0,0.0,0.0,-,-,-
"Kratzke, Nane",How to Find Orchestrated Trolls?A Case Study on Identifying Polarized Twitter Echo Chambers,2023.0,CSS,Twitter,-,-,Germany,-,-,6750000,homophily,group behaviour,-,"tweet, retweets",75460000,EC hypothesis,Centrality  measures,1.0,0.0,1.0,0.0,0.0,0.0,0.0,0.0,0.0,0.0,1.0,0.0,0.0,0.0,0.0,1.0,0.0,0.0,0.0,0.0,0.0,0.0,0.0,1.0,0.0,0.0,0.0,-,-,-
"Lima, Lucas; Reis, Julio C. S.; Melo, Philipe; Murai, Fabricio; Araújo, Leandro; Vikatos, Pantelis; Benevenuto, Fabrúcio","Inside the Right-Leaning Echo Chambers: Characterizing Gab, an Unmoderated Social System",2018.0,CSS,Gab,-,-,US,-,-,171920,homophily,content exposure,-,URL shares,1297165,-,Political Leaning ,1.0,0.0,1.0,0.0,0.0,0.0,0.0,0.0,0.0,0.0,1.0,0.0,0.0,1.0,0.0,0.0,1.0,1.0,0.0,1.0,0.0,0.0,0.0,1.0,0.0,0.0,0.0,-,-,-
"Liu, Rui; Greene, Kevin T.; Liu, Ruibo; Mandic, Mihovil; Valentino, Benjamin A.; Vosoughi, Soroush; Subrahmanian, V. S.",Using impression data to improve models of online social influence,2021.0,experiment,self-constructed platform,-,-,US,-,-,287,content exposure,user behaviour: selective exposure,-,Expression and impression data of a simulated social network with 287 users from Amazon’s Mechanical Turk ,-,recommender systems and EC,-,1.0,0.0,0.0,0.0,0.0,0.0,0.0,0.0,0.0,0.0,0.0,0.0,0.0,0.0,0.0,0.0,1.0,0.0,0.0,0.0,0.0,0.0,0.0,1.0,0.0,0.0,0.0,-,-,-
"Ludwig, Katharina; Grote, Alexander; Iana, Andreea; Alam, Mehwish; Paulheim, Heiko; Sack, Harald; Weinhardt, Christof; Mueller, Philipp","Divided by the Algorithm? The (Limited) Effects of Content- and Sentiment-Based News Recommendation on Affective, Ideological, and Perceived Polarization",2023.0,experiment,-,-,-,Germany,-,-,750,content exposure,-,-,"selected articles of users from a user interface that shows 6 articles from a corpus of 827 articles on immigration and refugee news coverage from 39
news outlets and self-reported data, control group: negative sentiments, treatment: positive sentiments",27,recommender systems and EC,"affective polarization, Perceived polarization, political orientation, contact to immigrants, political interest",0.0,1.0,0.0,0.0,0.0,0.0,0.0,0.0,0.0,0.0,0.0,-1.0,0.0,0.0,0.0,-1.0,0.0,0.0,0.0,0.0,1.0,0.0,1.0,1.0,0.0,0.0,0.0,-,-,-
"Masip, Pere; Suau, Jaume; Ruiz-Caballero, Carlos",Incidental Exposure to Non-Like-Minded News through Social Media: Opposing Voices in Echo-Chambers' News Feeds,2020.0,survey,Facebook,Twitter,Instagram,Spain,-,-,6625,content exposure,user behaviour: political efficacy,-,survey data of registered spanish online news media users,19,EC hypothesis,"content exposure, ""commenting, sharing, and receiving news""",0.0,1.0,0.0,0.0,0.0,0.0,0.0,0.0,0.0,0.0,0.0,0.0,0.0,0.0,0.0,0.0,0.0,0.0,0.0,0.0,0.0,0.0,0.0,0.0,0.0,0.0,0.0,-,-,-
"Matuszewski, Pawel",Selective Exposure on Polish Political and News Media Facebook Pages,2019.0,CSS,Facebook,-,-,Poland,-,-,1398148,content exposure,cognitive EC,-,likes,30491492,EC hypothesis,selective exposure,1.0,0.0,0.0,0.0,1.0,0.0,1.0,0.0,0.0,0.0,0.0,0.0,0.0,0.0,0.0,0.0,0.0,1.0,0.0,0.0,0.0,0.0,0.0,1.0,0.0,0.0,0.0,-,-,-
"Matuszewski, Pawet; Szabo, Gabriella",Are Echo Chambers Based on Partisanship? Twitter and Political Polarity in Poland and Hungary,2019.0,CSS,Twitter,-,-,Poland,Hungary,-,2259749,content exposure,social EC,-,follower/followee network,10976058,EC hypothesis,"preferences of users, political leaning",0.0,1.0,0.0,1.0,0.0,0.0,0.0,1.0,0.0,0.0,0.0,0.0,0.0,0.0,0.0,0.0,0.0,0.0,0.0,0.0,1.0,0.0,0.0,0.0,0.0,0.0,0.0,-,-,-
"Matz, Sandra C.",Personal Echo Chambers: Openness-to-Experience Is Linked to Higher Levels of Psychological Interest Diversity in Large-Scale Behavioral Data,2021.0,Mixed Methods,Facebook,-,-,US,-,-,22953,user behaviour,homophily,content exposure,"myPersonality dataset: facebook profile and big five personality scores, matched data set fo event attendance data that were obtained from Gravy Analytics and machine learning predicted personality traits from these GPS data",4000000,"cognitive states, emotions, personality traits and EC","Big Five Personality Traits, Schwartz Values, Psychological Interest Diversity, Political Ideology, GPS-Tracked Event Attendances and Their Psychological, Topical Interest Diversity
Profiles.",1.0,1.0,0.0,0.0,0.0,0.0,0.0,0.0,0.0,0.0,0.0,0.0,0.0,0.0,0.0,0.0,1.0,0.0,0.0,0.0,0.0,0.0,0.0,1.0,0.0,1.0,0.0,-,-,-
"Min, Yong; Jiang, Tingjun; Jin, Cheng; Li, Qu; Jin, Xiaogang",Endogenetic structure of filter bubble in social networks,2019.0,Experiment,Weibo,-,-,China,-,-,128,content exposure,group behaviour: structure,-,"post, reposts and group messages",1300000,EC hypothesis,"Directed clustering coefficient, connection density",1.0,0.0,0.0,0.0,0.0,0.0,0.0,0.0,0.0,0.0,1.0,0.0,0.0,0.0,0.0,0.0,0.0,0.0,0.0,0.0,0.0,0.0,0.0,1.0,0.0,1.0,0.0,-,-,-
"Mirlohi, Amin; Mahdavimoghaddam, Jalehsadat; Jovanovic, Jelena; Al-Obeidat, Feras N.; Khani, Mehdi; Ghorbani, Ali A.; Bagheri, Ebrahim",Social Alignment Contagion in Online Social Networks,2022.0,CSS,-,-,-,-,-,-,-,-,-,-,-,-,-,-,0.0,0.0,0.0,0.0,0.0,0.0,0.0,0.0,0.0,0.0,0.0,0.0,0.0,0.0,0.0,0.0,0.0,0.0,0.0,0.0,0.0,0.0,1.0,0.0,0.0,0.0,0.0,-,-,-
"Monti, Corrado; D'Ignazi, Jacopo; Starnini, Michele; Morales, Gianmarco De Francisci",Evidence of Demographic rather than Ideological Segregation in News Discussion on Reddit,2023.0,CSS,Reddit,-,-,US,-,-,-,homophily,-,-,user replies in a subreddit,144303,EC hypothesis,"Socio-demographic features, polarization",0.0,1.0,0.0,1.0,0.0,0.0,0.0,0.0,0.0,0.0,0.0,0.0,0.0,0.0,0.0,0.0,0.0,1.0,0.0,0.0,1.0,0.0,0.0,0.0,0.0,0.0,0.0,-,-,-
"Morales, Gianmarco De Francisci; Monti, Corrado; Starnini, Michele",No echo in the chambers of political interactions on Reddit,2021.0,CSS,Reddit,-,-,US,-,-,121046,homophily,-,-,"posts, comments and upvotes",500030,EC hypothesis,"political leaning, reddit score and user activity",0.0,1.0,0.0,1.0,0.0,0.0,0.0,0.0,0.0,0.0,0.0,0.0,0.0,0.0,0.0,0.0,0.0,1.0,0.0,0.0,1.0,1.0,0.0,1.0,0.0,0.0,0.0,-,-,-
"Mosleh, Mohsen; Martel, Cameron; Eckles, Dean; Rand, David G.",Shared partisanship dramatically increases social tie formation in a Twitter field experiment,2021.0,Experiment,Twitter,-,-,US,-,-,842,homophily,user behaviour: selective exposure,-,tweets,4416,EC hypothesis,strong and weak co-partisanship and counter-partisanship,1.0,0.0,0.0,0.0,0.0,0.0,0.0,0.0,0.0,0.0,1.0,0.0,0.0,0.0,0.0,-1.0,1.0,0.0,0.0,0.0,0.0,0.0,1.0,0.0,0.0,0.0,0.0,-,-,-
"Mosleh, Mohsen; Pennycook, Gordon; Arechar, Antonio A.; Rand, David G.",Cognitive reflection correlates with behavior on Twitter,2021.0,mixed Methods,Twitter,-,-,US,-,-,1901,homophily,user behaviour: cognitive reflection,-,tweets,6083200,"cognitive states, emotions, personality traits and EC","Cognitive Reflection Test, followers cout, followed count, tweets count, favorites count, list counts, days on twitter, co-follower network",0.0,0.0,0.0,0.0,0.0,0.0,0.0,0.0,0.0,0.0,0.0,0.0,0.0,0.0,0.0,0.0,1.0,0.0,0.0,0.0,0.0,0.0,0.0,0.0,0.0,0.0,0.0,-,-,-
"Muise, Daniel; Hosseinmardi, Homa; Howland, Baird; Mobius, Markus; Rothschild, David; Watts, Duncan J.",Quantifying partisan news diets in Web and TV audiences,2022.0,CSS,Browser,-,-,US,-,-,85000,content exposure,cognitive EC,political EC,"browser history, TV viewing behaviour",60000,"TV, social media and echo chambers",cross-cutting content and partisan biased behaviour,0.0,2.0,0.0,0.0,0.0,0.0,0.0,1.0,0.0,1.0,0.0,0.0,0.0,0.0,0.0,0.0,0.0,1.0,0.0,0.0,1.0,0.0,0.0,0.0,0.0,0.0,0.0,-,-,-
"Neely, Stephen R.",Politically Motivated Avoidance in Social Networks: A Study of Facebook and the 2020 Presidential Election,2021.0,survey,Facebook,-,-,US,-,-,600,user behaviour: avoidance,group behaviour: avoidance,homophily,survey data pre-election on unfriending,10,Elections and EC,"Reliance on Facebook, Accuracy of Facebook information, party affilation, ideological intensity, Unfriended/Unfollowed someone over their political posts.",1.0,1.0,0.0,0.0,0.0,0.0,0.0,0.0,0.0,0.0,1.0,0.0,0.0,0.0,0.0,0.0,1.0,0.0,0.0,0.0,0.0,1.0,0.0,1.0,0.0,0.0,0.0,-,-,-
"Nikolov, Dimitar; Lalmas, Mounia; Flammini, Alessandro; Menczer, Filippo",Quantifying Biases in Online Information Exposure,2019.0,CSS,social media sites,-,-,US,-,-,10500000,content exposure,-,-,Web traffic dataset of Yahoo Toolbar users ,3200,Elections and EC,homogeinity bias and popularity bias,1.0,0.0,0.0,0.0,0.0,0.0,0.0,0.0,0.0,0.0,1.0,0.0,0.0,0.0,0.0,1.0,0.0,0.0,0.0,0.0,0.0,1.0,0.0,0.0,0.0,0.0,0.0,-,-,-
"Nordbrandt, Maria",Affective polarization in the digital age: Testing the direction of the relationship between social media and users' feelings for out-group parties,-,survey,social media sites,-,-,Netherlands,-,-,3581,content exposure,homophily,user behaviour: selective exposure,"Panel data from the LISS (Longitudinal Internet studies for the Social Sciences) project, covering a random sample of Dutch citizens surveyed yearly between 2014 and 2020",30621131,EC hypothesis,"Measure of affective polarization, sympathy score for party, social media use",0.0,1.0,0.0,0.0,0.0,0.0,0.0,0.0,0.0,0.0,-1.0,0.0,0.0,0.0,0.0,0.0,0.0,1.0,0.0,0.0,1.0,0.0,0.0,1.0,0.0,0.0,0.0,-,-,-
"Powers, Elia; Koliska, Michael; Guha, Pallavi","""Shouting Matches and Echo Chambers"": Perceived Identity Threats and Political Self-Censorship on Social Media",2019.0,survey,social media sites,-,-,US,-,-,198,content exposure,user behaviour: political efficacy,-,preelectivon survey and postelection focus groups,8,Elections and EC,"following political news and information, endorsing/sharing political
news and information, an expressing political views",0.0,1.0,0.0,0.0,0.0,0.0,0.0,0.0,0.0,0.0,0.0,0.0,0.0,0.0,0.0,0.0,0.0,1.0,0.0,0.0,0.0,1.0,0.0,0.0,0.0,0.0,0.0,-,-,-
"Radicioni, Tommaso; Saracco, Fabio; Pavan, Elena; Squartini, Tiziano",Analysing Twitter semantic networks: the case of 2018 Italian elections,2021.0,CSS,Twitter,-,-,Italy,-,-,128206,homophily,-,-,"tweets, retweets",1200000,"TV, social media and echo chambers",average nearest-neighbors degree,0.0,0.0,0.0,0.0,0.0,0.0,0.0,0.0,0.0,0.0,0.0,0.0,0.0,0.0,0.0,0.0,0.0,1.0,0.0,0.0,0.0,1.0,0.0,1.0,0.0,0.0,0.0,-,-,-
"Radicioni, Tommaso; Squartini, Tiziano; Pavan, Elena; Saracco, Fabio",Networked partisanship and framing: A socio-semantic network analysis of the Italian debate on migration,2021.0,CSS,Twitter,-,-,Italy,-,-,306894,homophily,-,-,"tweets, retweets",5000000,EC hypothesis,polarization index,1.0,1.0,0.0,1.0,1.0,0.0,0.0,0.0,0.0,0.0,0.0,0.0,0.0,0.0,0.0,0.0,0.0,1.0,0.0,0.0,0.0,1.0,0.0,1.0,0.0,0.0,0.0,-,-,-
"Rafail, Patrick; Freitas, Isaac",Grievance Articulation and Community Reactions in the Men's Rights Movement Online,2019.0,CSS,Reddit,-,-,US,-,-,-,group behaviour,homophily,-,"posts, upvotes",70580,EC hypothesis,user acitivity per subreddit,1.0,0.0,1.0,0.0,0.0,0.0,1.0,0.0,1.0,0.0,0.0,0.0,0.0,1.0,0.0,0.0,0.0,0.0,0.0,0.0,0.0,0.0,0.0,1.0,0.0,0.0,0.0,-,-,-
"Roth, Camille; Mazieres, Antoine; Menezes, Telmo",Tubes and bubbles topological confinement of YouTube recommendations,2020.0,CSS,YouTube,-,-,EU,-,-,-,-,-,-,-,-,-,-,0.0,0.0,0.0,0.0,0.0,0.0,0.0,0.0,0.0,0.0,0.0,0.0,0.0,0.0,0.0,1.0,0.0,0.0,0.0,0.0,0.0,0.0,0.0,0.0,0.0,0.0,0.0,-,-,-
"Rusche, Felix","Few voices, strong echo: Measuring follower homogeneity of politicians' Twitter accounts",2022.0,CSS,Twitter,-,-,Germany,-,-,1780000,homophily,-,-,follower / followee,5436552,EC hypothesis,homogeneity of followers,2.0,0.0,1.0,0.0,0.0,0.0,0.0,0.0,1.0,0.0,1.0,0.0,0.0,1.0,0.0,0.0,0.0,0.0,1.0,0.0,0.0,0.0,0.0,1.0,0.0,0.0,0.0,-,-,-
"Samantray, Abhishek; Pin, Paolo",Credibility of climate change denial in social media,2019.0,CSS,Twitter,-,-,-,-,-,3595205,homophily,trust-based EC,-,"tweets, retweet statistic",14353859,Climate change,"homophily, emotion opinion polarization",1.0,1.0,0.0,0.0,0.0,0.0,0.0,0.0,0.0,0.0,-1.0,1.0,0.0,0.0,0.0,0.0,0.0,0.0,0.0,0.0,0.0,0.0,0.0,1.0,0.0,1.0,0.0,-,-,-
"Schmidt, Ana L.; Peruzzi, Antonio; Scala, Antonio; Cinelli, Matteo; Pomerantsev, Peter; Applebaum, Anne; Gaston, Sophia; Fusi, Nicole; Peterson, Zachary; Severgnini, Giuseppe; Cesco, Andrea F. de; Casati, Davide; Novak, Petra Kralj; Stanley, H. Eugene; Zollo, Fabina; Quattrociocchi, Walter",Measuring social response to different journalistic techniques on Facebook,2020.0,CSS,Facebook,-,-,Italy,-,-,2665847,homophily,cognitive EC,-,"post, likes, comments",2101048,EC hypothesis,"polarization, SE",1.0,0.0,1.0,0.0,1.0,0.0,0.0,0.0,0.0,0.0,1.0,1.0,0.0,0.0,0.0,0.0,0.0,0.0,0.0,0.0,0.0,0.0,0.0,1.0,0.0,0.0,0.0,-,-,-
"Schmidt, Ana Lucia; Zollo, Fabiana; Scala, Antonio; Betsch, Cornelia; Quattrociocchi, Walter",Polarization of the vaccination debate on Facebook,2018.0,CSS,Facebook,-,-,Italy,-,-,-,homophily,content exposure,cognitive EC,post and comments,22236,"COVID-19, vaccines and echo chambers",framing and social conformity,1.0,0.0,1.0,0.0,0.0,0.0,0.0,0.0,0.0,0.0,1.0,0.0,1.0,0.0,0.0,0.0,0.0,0.0,0.0,0.0,0.0,0.0,0.0,1.0,0.0,0.0,0.0,-,-,-
"Shmargad, Yotam; Klar, Samara",How Partisan Online Environments Shape Communication with Political Outgroups,2019.0,experiment,social media sites,-,-,US,-,-,139,content exposure,homophily,-,survey and experiment with two groups: partisan and non-partisan,9,News sharing and consuming,Social Media Environment and Social Attentiveness,1.0,0.0,0.0,0.0,0.0,0.0,0.0,0.0,0.0,0.0,1.0,0.0,0.0,0.0,0.0,0.0,1.0,0.0,0.0,0.0,0.0,0.0,0.0,0.0,0.0,0.0,0.0,-,-,-
"Shore, Jesse; Baek, Jiye; Dellarocas, Chrysanthos",Network Structure and Patterns of Information Diversity on Twitter,2018.0,CSS,Twitter,-,-,US,-,-,215174,homophily,content exposure,-,"tweets, URL news sources (hard news)",908565,EC hypothesis,political slant,1.0,1.0,1.0,0.0,0.0,0.0,0.0,1.0,0.0,0.0,1.0,0.0,0.0,0.0,0.0,1.0,0.0,0.0,0.0,0.0,0.0,0.0,0.0,1.0,0.0,0.0,0.0,-,-,-
"Srba, Ivan; Moro, Robert; Tomlein, Matus; Pecher, Branislav; Simko, Jakub; Stefancova, Elena; Kompan, Michal; Hrckova, Andrea; Podrouzek, Juraj; Gavornik, Adrian; Bielikova, Maria",Auditing YouTube’s Recommendation Algorithm&nbsp;for Misinformation Filter Bubbles,2023.0,CSS,YouTube,-,-,-,-,-,50,content exposure,-,-,"annotated watched videos by the sock-puppet, path via recommendations",2914,Misinformation,-,1.0,1.0,0.0,0.0,0.0,0.0,0.0,0.0,0.0,0.0,0.0,1.0,0.0,0.0,0.0,1.0,0.0,0.0,0.0,0.0,0.0,0.0,0.0,0.0,0.0,0.0,1.0,-,-,-
"Suelflow, Michael; Schaefer, Svenja; Winter, Stephan",Selective attention in the news feed: An eye-tracking study on the perception and selection of political news posts on Facebook,2019.0,Experiment,Facebook,-,-,US,-,-,103,user behaviour: selective exposure,content exposure,-,eyetracking study,10,recommender systems and EC,"Attitude consistency,  Source credibility and Time spent on a news post",1.0,0.0,0.0,0.0,0.0,0.0,0.0,0.0,0.0,0.0,0.0,0.0,0.0,0.0,0.0,1.0,1.0,0.0,0.0,0.0,0.0,0.0,0.0,0.0,0.0,0.0,0.0,-,-,-
"Sun, Mingfei; Ma, Xiaoyue; Huo, Yudi",Does Social Media Users' Interaction Influence the Formation of Echo Chambers? Social Network Analysis Based on Vaccine Video Comments on YouTube,2022.0,CSS,YouTube,-,-,US,-,-,-,homophily,cognitive EC,-,comments,16699,Covid-19,"TF-IDF, homogeneous social network intergroup dynamics test",2.0,0.0,1.0,0.0,1.0,0.0,0.0,0.0,0.0,0.0,0.0,1.0,0.0,0.0,0.0,0.0,0.0,0.0,0.0,0.0,1.0,0.0,0.0,1.0,0.0,0.0,0.0,-,-,-
"Tomlein, Matus; Pecher, Branislav; Simko, Jakub; Srba, Ivan; Moro, Robert; Stefancova, Elena; Kompan, Michal; Hrckova, Andrea; Podrouzek, Juraj; Bielikova, Maria",An Audit of Misinformation Filter Bubbles on YouTube: Bubble Bursting and Recent Behavior Changes,-,CSS,YouTube,-,-,-,-,-,50,content exposure,-,-,"annotated watched videos by the sock-puppet, path via recommendations",2914,Misinformation,-,1.0,1.0,0.0,1.0,0.0,0.0,0.0,1.0,0.0,0.0,0.0,1.0,0.0,0.0,0.0,1.0,0.0,0.0,0.0,0.0,0.0,0.0,0.0,0.0,0.0,0.0,1.0,-,-,-
"Torregrosa, Javier; Panizo-Lledot, Angel; Bello-Orgaz, Gema; Camacho, David",Analyzing the relationship between relevance and extremist discourse in an alt-right network on Twitter,2020.0,CSS,Twitter,-,-,US,-,-,546,homophily,cognitive EC,-,Tweets posted by alt-right Twitter accounts,11387,Extremism and echo chambers,"Closeness , betweenness, K-shell, eigenvector centrality ",1.0,0.0,1.0,0.0,0.0,0.0,0.0,0.0,1.0,0.0,0.0,0.0,0.0,1.0,0.0,0.0,0.0,0.0,0.0,0.0,0.0,0.0,0.0,1.0,0.0,0.0,0.0,-,-,-
"Treen, Kathie; Williams, Hywel; O'Neill, Saffron; Coan, Travis G.",Discussion of Climate Change on Reddit: Polarized Discourse or Deliberative Debate?,2022.0,CSS,Reddit,-,-,US,-,-,93850,homophily,content exposure,-,climate change related subreddits,285705,Climate change and EC, ideological bias,0.0,2.0,0.0,1.0,0.0,0.0,0.0,1.0,0.0,0.0,0.0,0.0,0.0,0.0,0.0,0.0,0.0,0.0,0.0,0.0,0.0,0.0,0.0,0.0,0.0,0.0,0.0,-,-,-
"Turetsky, Kate M.; Riddle, Travis A.","Porous Chambers, Echoes of Valence and Stereotypes: A Network Analysis of Online News Coverage Interconnectedness Following a Nationally Polarizing Race-Related Event",2018.0,CSS,-,-,-,US,-,-,-,content exposure,-,-,links between news articles,3284,News sharing Behavior,"assortativity, linguistic intergroup bias",0.0,1.0,0.0,0.0,0.0,1.0,0.0,0.0,0.0,0.0,0.0,0.0,0.0,0.0,0.0,0.0,0.0,0.0,0.0,0.0,0.0,0.0,0.0,0.0,0.0,0.0,0.0,-,-,-
"Tyagi, Aman; Uyheng, Joshua; Carley, Kathleen M.",Heated conversations in a warming world: affective polarization in online climate change discourse follows real-world climate anomalies,2021.0,CSS,Twitter,-,-,US,-,-,7000000,homophily,-,-,climate change tweets,38000000,climate chance and echo chambers,affective polarization,1.0,0.0,0.0,0.0,0.0,0.0,1.0,0.0,1.0,0.0,1.0,0.0,0.0,1.0,0.0,0.0,1.0,0.0,0.0,0.0,0.0,0.0,0.0,0.0,0.0,0.0,0.0,-,-,-
"Urman, Aleksandra",News Consumption of Russian Vkontakte Users: Polarization and News Avoidance,2019.0,CSS,Vkontakte,-,-,Russia,-,-,-,homophily,content exposure,-,"friendship ties, page followings",-,EC hypothesis,-,1.0,0.0,1.0,0.0,0.0,0.0,0.0,0.0,0.0,0.0,1.0,0.0,0.0,0.0,0.0,0.0,0.0,0.0,0.0,0.0,0.0,0.0,0.0,0.0,0.0,0.0,0.0,-,-,-
"Vaccari, Cristian; Valeriani, Augusto; Barbera, Pablo; Jost, John T.; Nagler, Jonathan; Tucker, Joshua A.",Of Echo Chambers and Contrarian Clubs: Exposure to Political Disagreement Among German and Italian Users of Twitter,2016.0,survey,Twitter,-,-,Italy,Germany,-,426000,homophily,-,-,-,5800000,EC hypothesis,-,1.0,0.0,0.0,0.0,0.0,0.0,0.0,0.0,0.0,0.0,1.0,0.0,0.0,0.0,0.0,0.0,1.0,0.0,0.0,0.0,0.0,0.0,0.0,1.0,0.0,0.0,0.0,-,-,-
"Villa, Giacomo; Pasi, Gabriella; Viviani, Marco",Echo chamber detection and analysis A topology- and content-based approach in the COVID-19 scenario,2021.0,CSS,Twitter,-,-,EU,-,-,4000000,homophily,content exposure,cognitive EC,COVID-19 related tweets,10000000,Covid-19 and Echo chambers,-,1.0,0.0,1.0,0.0,1.0,0.0,0.0,0.0,0.0,0.0,1.0,1.0,0.0,0.0,0.0,0.0,0.0,0.0,0.0,0.0,0.0,1.0,0.0,1.0,0.0,0.0,0.0,-,-,-
"Wang, Dandan; Qian, Yuxing",Echo Chamber Effect in Rumor Rebuttal Discussions About COVID-19 in China: Social Media Content and Network Analysis Study,2021.0,CSS,Weibo,-,-,China,-,-,-,homophily,content exposure,-,Rumor rebuttal content related to COVID-19,4863,"Vaccines, misinformation and echo chambers",heterogeneity in communities,1.0,0.0,1.0,0.0,1.0,0.0,0.0,0.0,0.0,0.0,1.0,1.0,0.0,0.0,0.0,0.0,0.0,0.0,0.0,0.0,0.0,0.0,0.0,0.0,0.0,0.0,0.0,-,-,-
"Wang, Dandan; Zhou, Yadong; Ma, Feicheng",Opinion Leaders and Structural Hole Spanners Influencing Echo Chambers in Discussions About COVID-19 Vaccines on Social Media in China: Network Analysis,2022.0,CSS,Weibo,-,-,China,-,-,-,homophily,-,-,posts and comments,121243,EC hypothesis,assortativity coefficient,1.0,0.0,1.0,0.0,0.0,0.0,0.0,0.0,0.0,0.0,1.0,1.0,0.0,0.0,0.0,0.0,0.0,0.0,0.0,0.0,0.0,0.0,0.0,0.0,0.0,0.0,0.0,-,-,-
"Wang, Xiaohui; Song, Yunya",Viral misinformation and echo chambers: the diffusion of rumors about genetically modified organisms on social media,2020.0,CSS,Weibo,-,-,China,-,-,-,homophily,content exposure,-,Coded posts addressing genetically modified organisms on Weibo from 2018 t,21837,Misinformation,heterogeneity in communities,0.0,1.0,0.0,1.0,0.0,1.0,0.0,0.0,0.0,0.0,0.0,0.0,0.0,0.0,0.0,0.0,0.0,0.0,0.0,0.0,0.0,0.0,0.0,1.0,0.0,0.0,0.0,-,-,-
"Whittaker, Joe; Looney, Sean; Reed, Alastair; Votta, Fabio",Recommender systems and the amplification of extremist content,2021.0,Experiment,YouTube,Gab,Reddit,-,-,-,-,content exposure,user behaviour: selective exposure,-,"bot data from three accounts (extreme, neutral and baseline) per platform",30,extremism,"algorithmic polarization, extremist media index",1.0,1.0,0.0,0.0,0.0,0.0,0.0,0.0,0.0,0.0,1.0,0.0,0.0,1.0,0.0,1.0,0.0,0.0,0.0,0.0,0.0,0.0,0.0,0.0,0.0,0.0,1.0,-,-,-
"Wieringa, Maranke; van Geenen, Daniela; Schafer, Mirko Tobias; Gorzeman, Ludo",Political topic-communities and their framing practices in the Dutch Twittersphere,2018.0,CSS,Twitter,-,-,Netherlands,-,-,50000,homophily,content exposure,-,Media references in the retweet network,76000000,EC hypothesis,"The cluster’s modularity and density, and the PageRank  of the nodes within the clusters",1.0,0.0,0.0,0.0,0.0,0.0,0.0,0.0,0.0,0.0,1.0,0.0,0.0,0.0,0.0,0.0,1.0,0.0,0.0,0.0,0.0,0.0,0.0,0.0,0.0,0.0,0.0,-,-,-
"Wolfowicz, Michael; Weisburd, David; Hasisi, Badi",Examining the interactive effects of the filter bubble and the echo chamber on radicalization,-,Mixed Methods,Twitter,-,-,Israel,Palestine,-,96,content exposure,-,-,-,6,extremism,"E-I-Index, Modularity",1.0,1.0,0.0,0.0,0.0,0.0,0.0,0.0,0.0,0.0,1.0,0.0,0.0,1.0,0.0,1.0,0.0,0.0,0.0,0.0,1.0,0.0,1.0,0.0,0.0,0.0,0.0,-,-,-
"Wollebaek, Dag; Karlsen, Rune; Steen-Johnsen, Kari; Enjolras, Bernard","Anger, Fear, and Echo Chambers: The Emotional Basis for Online Behavior",2019.0,survey,social media sites,-,-,Norway,-,-,10000,homophily,content exposure,-,-,6,"cognitive states, emotions, personality traits and EC",-,1.0,1.0,0.0,0.0,0.0,0.0,0.0,0.0,0.0,0.0,1.0,0.0,0.0,0.0,0.0,0.0,1.0,0.0,0.0,0.0,0.0,0.0,0.0,0.0,0.0,0.0,1.0,-,-,-
"Zerback, Thomas; Kobilke, Lara",The role of affective and cognitive attitude extremity in perceived viewpoint diversity exposure,2022.0,survey,social media sites,-,-,Germany,-,-,527,user behaviour,content exposure,-,"three-wave online panel survey on immigrants
in Germany",19,"Extremism, radicalization and echo chambers","Perceived viewpoint diversity exposure, Affective and cognitive attitude extremity, frequency of media use, interpersonal communication ",1.0,1.0,0.0,0.0,0.0,0.0,0.0,0.0,0.0,0.0,0.0,0.0,0.0,0.0,0.0,0.0,0.0,0.0,0.0,0.0,0.0,0.0,0.0,0.0,0.0,0.0,0.0,-,-,-
"Zollo, Fabiana; Bessi, Alessandro; Del Vicario, Michela; Scala, Antonio; Caldarelli, Guido; Shekhtman, Louis; Havlin, Shlomo; Quattrociocchi, Walter",Debunking in a world of tribes,2017.0,CSS,Facebook,-,-,US,-,-,54000000,homophily,-,-,Facebook posts,50220,EC hypothesis,-,1.0,0.0,1.0,0.0,1.0,0.0,0.0,0.0,0.0,0.0,0.0,1.0,0.0,0.0,0.0,0.0,0.0,0.0,0.0,0.0,0.0,0.0,0.0,1.0,0.0,0.0,0.0,-,-,-
"Zollo, Fabiana; Novak, Petra Kralj; Del Vicario, Michela; Bessi, Alessandro; Mozetic, Igor; Scala, Antonio; Caldarelli, Guido; Quattrociocchi, Walter",Emotional Dynamics in the Age of Misinformation,2015.0,CSS,Facebook,-,-,US,-,-,-,homophily,-,-,Sentiment labeled comment,19642,Emotions and echo chambers,-,1.0,0.0,1.0,0.0,1.0,0.0,0.0,0.0,0.0,0.0,1.0,1.0,0.0,0.0,0.0,0.0,0.0,0.0,0.0,0.0,0.0,0.0,0.0,1.0,0.0,0.0,0.0,-,-,-
"Hong, Sounman; Kim, Sun Hyoung",Political polarization on twitter: Implications for the use of social media in digital governments,2016.0,CSS,Twitter,-,-,US,-,-,151,content exposure,-,-,"Number of Tweets, Number of Followers, date when Twitter was joined",-,Parliament representations and EC,Twitter accounts of members of the 11th house of Representatives,1.0,0.0,0.0,0.0,0.0,0.0,0.0,0.0,1.0,0.0,1.0,0.0,0.0,0.0,0.0,0.0,0.0,1.0,0.0,0.0,1.0,0.0,1.0,0.0,0.0,0.0,0.0,-,-,-
"Vaterlaus, J. Mitchell; Spruance, Lori A.; Patten, Emily V.",Women's longitudinal social media behaviors and experiences during a global pandemic,2023.0,survey,social media sites,-,-,US,-,-,124,content exposure,-,-,COVID-19 related engagement with social media,-,"Vaccines, misinformation and echo chambers",-,1.0,0.0,0.0,0.0,0.0,0.0,0.0,0.0,0.0,0.0,1.0,0.0,0.0,0.0,0.0,1.0,0.0,0.0,0.0,0.0,0.0,0.0,0.0,0.0,0.0,0.0,0.0,-,-,-
"Wang, Lin; Wang, Chong; Yao, Xinyan",Befriended to polarise? The impact of friend identity on review polarisation-A quasi-experiment,2023.0,experiment,social media sites,-,-,China,-,-,68784,content exposure,-,-,Two datasets of users that adopted friend function and ones who did not,713095,EC hypothesis,"Engagement, polarization, review polarity",1.0,1.0,0.0,0.0,0.0,0.0,0.0,0.0,0.0,0.0,0.0,0.0,0.0,0.0,0.0,1.0,0.0,1.0,0.0,0.0,0.0,0.0,1.0,0.0,0.0,0.0,1.0,-,-,-
"Zhang, P.; Haq, E.-U.; Zhu, Y.; Hui, P.; Tyson, G.",Echo Chambers within the Russo-Ukrainian War: The Role of Bipartisan Users,2023.0,CSS,Twitter,-,-,-,-,-,337032,homophily,-,-,Tweets on the russo-ukranian war,"16,889,957",EC hypothesis,polarity metric,1.0,0.0,0.0,0.0,0.0,0.0,0.0,0.0,0.0,0.0,1.0,0.0,0.0,0.0,0.0,0.0,0.0,0.0,0.0,0.0,0.0,0.0,0.0,0.0,0.0,0.0,0.0,-,-,-
"Lin, Han; Wang, Yi; Lee, Janggeun; Kim, Yonghwan",The effects of disagreement and unfriending on political polarization: a moderated-mediation model of cross-cutting discussion on affective polarization via unfriending contingent upon exposure to incivility,2023.0,survey,social media sites,-,-,South Korea,-,-,890,content exposure,-,-,Survey data (two wave study) from 2018,12,Unfriending and Polarization,"exposure to incivility, cross-cutting content, affective polarization",1.0,0.0,0.0,0.0,0.0,0.0,0.0,0.0,0.0,0.0,1.0,0.0,0.0,0.0,0.0,0.0,0.0,0.0,0.0,0.0,0.0,0.0,0.0,0.0,0.0,1.0,0.0,-,-,-
"Nyhan, Brendan",Like-minded sources on Facebook are prevalent but not polarizing,2023.0,experiment,Facebook,-,-,US,-,-,23.377,content exposure,-,-,Survey data (three waves) with treatments,9,EC hypothesis,cross-cutting contet,1.0,1.0,0.0,0.0,0.0,0.0,0.0,0.0,0.0,0.0,-1.0,0.0,0.0,0.0,0.0,0.0,0.0,0.0,0.0,0.0,0.0,0.0,0.0,0.0,0.0,0.0,0.0,-,-,-
"Bozdag, Engin; Gao, Qi; Houben, Geert-Jan; Warnier, Martijn",Does offline political segregation affect the filter bubble? An empirical analysis of information diversity for Dutch and Turkish Twitter users,2014.0,SNA,Twitter,-,-,Netherlands,Turkey,-,3727,homophily,user behaviour,-,Incomin and Outgoing Tweets,-,News sharing and consuming,Twitter behaviour of dutch and turkish people,0.0,1.0,0.0,0.0,0.0,0.0,0.0,1.0,1.0,0.0,0.0,0.0,0.0,0.0,0.0,0.0,0.0,1.0,1.0,0.0,0.0,0.0,0.0,0.0,0.0,0.0,0.0,-,-,-
"Williams, Hywel T. P.; McMurray, James R.; Kurz, Tim; Lambert, F. Hugo",Network analysis reveals open forums and echo chambers in social media discussions of climate change,2015.0,SNA,Twitter,-,-,-,-,-,171.18,homophily,user behaviour,-,Tweets,590.608,Climate Change and EC,Tweets with certain hashtags regarding climate change,1.0,0.0,1.0,0.0,0.0,0.0,1.0,0.0,1.0,0.0,1.0,0.0,0.0,1.0,0.0,0.0,1.0,0.0,0.0,0.0,0.0,0.0,0.0,1.0,1.0,1.0,0.0,-,-,-
"Tsai, Wan-Hsiu Sunny; Tao, Weiting; Chuan, Ching-Hua; Hong, Cheng  ",Echo chambers and social mediators in public advocacy issue networks,2020.0,SNA,Twitter,-,-,-,-,-,2421,homophily,-,-,Tweets,8681,Boycotts and EC,Tweets calling for boykott,1.0,0.0,0.0,0.0,0.0,0.0,0.0,0.0,1.0,0.0,0.0,0.0,0.0,0.0,0.0,0.0,0.0,0.0,0.0,0.0,0.0,0.0,0.0,0.0,0.0,1.0,0.0,-,-,-
"De-Lima-Santos, M.-F.; Ceron, W.",Disinformation Echo-chambers on Facebook,2023.0,CSS,Facebook,-,-,Brazil,-,-,3912,content exposure,group behaviour,-,"posts, URLs and images",21614,Covid 19 vaccines and EC,-,1.0,0.0,1.0,0.0,0.0,0.0,1.0,0.0,1.0,0.0,1.0,1.0,0.0,0.0,0.0,1.0,1.0,0.0,0.0,0.0,0.0,0.0,0.0,0.0,0.0,1.0,0.0,-,-,-
